DepotID,ClientID,VehicleID,Distancia (km),Duracion (horas)
1,1,1,11.1383,0.2152777777777778
1,1,2,11.1383,0.2152777777777778
1,1,3,11.1383,0.2152777777777778
1,1,4,11.1383,0.2152777777777778
1,1,5,999,999
1,1,6,999,999
1,2,1,7.1354,0.14122222222222222
1,2,2,7.1354,0.14122222222222222
1,2,3,7.1354,0.14122222222222222
1,2,4,7.1354,0.14122222222222222
1,2,5,999,999
1,2,6,999,999
1,3,1,12.2471,0.22424999999999998
1,3,2,12.2471,0.22424999999999998
1,3,3,12.2471,0.22424999999999998
1,3,4,12.2471,0.22424999999999998
1,3,5,999,999
1,3,6,999,999
1,4,1,3.6795999999999998,0.12455555555555554
1,4,2,3.6795999999999998,0.12455555555555554
1,4,3,3.6795999999999998,0.12455555555555554
1,4,4,3.6795999999999998,0.12455555555555554
1,4,5,999,999
1,4,6,999,999
1,5,1,24.1494,0.4955
1,5,2,24.1494,0.4955
1,5,3,24.1494,0.4955
1,5,4,24.1494,0.4955
1,5,5,999,999
1,5,6,999,999
1,6,1,30.353900000000003,0.6034166666666667
1,6,2,30.353900000000003,0.6034166666666667
1,6,3,30.353900000000003,0.6034166666666667
1,6,4,30.353900000000003,0.6034166666666667
1,6,5,999,999
1,6,6,999,999
1,7,1,29.751900000000003,0.6009166666666668
1,7,2,29.751900000000003,0.6009166666666668
1,7,3,29.751900000000003,0.6009166666666668
1,7,4,29.751900000000003,0.6009166666666668
1,7,5,999,999
1,7,6,999,999
1,8,1,23.7705,0.5143611111111112
1,8,2,23.7705,0.5143611111111112
1,8,3,23.7705,0.5143611111111112
1,8,4,23.7705,0.5143611111111112
1,8,5,999,999
1,8,6,999,999
1,9,1,12.1906,0.24130555555555558
1,9,2,12.1906,0.24130555555555558
1,9,3,12.1906,0.24130555555555558
1,9,4,12.1906,0.24130555555555558
1,9,5,999,999
1,9,6,999,999
1,10,1,10.8504,0.20905555555555555
1,10,2,10.8504,0.20905555555555555
1,10,3,10.8504,0.20905555555555555
1,10,4,10.8504,0.20905555555555555
1,10,5,999,999
1,10,6,999,999
1,11,1,12.2,0.2941944444444444
1,11,2,12.2,0.2941944444444444
1,11,3,12.2,0.2941944444444444
1,11,4,12.2,0.2941944444444444
1,11,5,999,999
1,11,6,999,999
1,12,1,25.3055,0.51375
1,12,2,25.3055,0.51375
1,12,3,25.3055,0.51375
1,12,4,25.3055,0.51375
1,12,5,999,999
1,12,6,999,999
1,13,1,23.852,0.5381111111111111
1,13,2,23.852,0.5381111111111111
1,13,3,23.852,0.5381111111111111
1,13,4,23.852,0.5381111111111111
1,13,5,999,999
1,13,6,999,999
1,14,1,16.6915,0.33663888888888893
1,14,2,16.6915,0.33663888888888893
1,14,3,16.6915,0.33663888888888893
1,14,4,16.6915,0.33663888888888893
1,14,5,999,999
1,14,6,999,999
1,15,1,16.2092,0.32722222222222225
1,15,2,16.2092,0.32722222222222225
1,15,3,16.2092,0.32722222222222225
1,15,4,16.2092,0.32722222222222225
1,15,5,999,999
1,15,6,999,999
1,16,1,16.7548,0.34497222222222224
1,16,2,16.7548,0.34497222222222224
1,16,3,16.7548,0.34497222222222224
1,16,4,16.7548,0.34497222222222224
1,16,5,999,999
1,16,6,999,999
1,17,1,9.4209,0.19741666666666668
1,17,2,9.4209,0.19741666666666668
1,17,3,9.4209,0.19741666666666668
1,17,4,9.4209,0.19741666666666668
1,17,5,999,999
1,17,6,999,999
1,18,1,14.1374,0.3080833333333333
1,18,2,14.1374,0.3080833333333333
1,18,3,14.1374,0.3080833333333333
1,18,4,14.1374,0.3080833333333333
1,18,5,999,999
1,18,6,999,999
1,19,1,20.2133,0.39672222222222225
1,19,2,20.2133,0.39672222222222225
1,19,3,20.2133,0.39672222222222225
1,19,4,20.2133,0.39672222222222225
1,19,5,999,999
1,19,6,999,999
1,20,1,12.7728,0.2426111111111111
1,20,2,12.7728,0.2426111111111111
1,20,3,12.7728,0.2426111111111111
1,20,4,12.7728,0.2426111111111111
1,20,5,999,999
1,20,6,999,999
1,21,1,7.6376,0.27725
1,21,2,7.6376,0.27725
1,21,3,7.6376,0.27725
1,21,4,7.6376,0.27725
1,21,5,999,999
1,21,6,999,999
1,22,1,7.161,0.25975
1,22,2,7.161,0.25975
1,22,3,7.161,0.25975
1,22,4,7.161,0.25975
1,22,5,999,999
1,22,6,999,999
1,23,1,24.931900000000002,0.5222222222222223
1,23,2,24.931900000000002,0.5222222222222223
1,23,3,24.931900000000002,0.5222222222222223
1,23,4,24.931900000000002,0.5222222222222223
1,23,5,999,999
1,23,6,999,999
1,24,1,19.3613,0.3730277777777778
1,24,2,19.3613,0.3730277777777778
1,24,3,19.3613,0.3730277777777778
1,24,4,19.3613,0.3730277777777778
1,24,5,999,999
1,24,6,999,999
1,25,1,21.0534,0.4672222222222222
1,25,2,21.0534,0.4672222222222222
1,25,3,21.0534,0.4672222222222222
1,25,4,21.0534,0.4672222222222222
1,25,5,999,999
1,25,6,999,999
1,26,1,18.3415,0.3525
1,26,2,18.3415,0.3525
1,26,3,18.3415,0.3525
1,26,4,18.3415,0.3525
1,26,5,999,999
1,26,6,999,999
1,27,1,4.2137,0.13702777777777778
1,27,2,4.2137,0.13702777777777778
1,27,3,4.2137,0.13702777777777778
1,27,4,4.2137,0.13702777777777778
1,27,5,999,999
1,27,6,999,999
1,28,1,32.5679,0.7196388888888888
1,28,2,32.5679,0.7196388888888888
1,28,3,32.5679,0.7196388888888888
1,28,4,32.5679,0.7196388888888888
1,28,5,999,999
1,28,6,999,999
1,29,1,24.748,0.5363055555555556
1,29,2,24.748,0.5363055555555556
1,29,3,24.748,0.5363055555555556
1,29,4,24.748,0.5363055555555556
1,29,5,999,999
1,29,6,999,999
1,30,1,6.2277,0.20544444444444446
1,30,2,6.2277,0.20544444444444446
1,30,3,6.2277,0.20544444444444446
1,30,4,6.2277,0.20544444444444446
1,30,5,999,999
1,30,6,999,999
2,1,1,21.8751,0.5109722222222223
2,1,2,21.8751,0.5109722222222223
2,1,3,21.8751,0.5109722222222223
2,1,4,21.8751,0.5109722222222223
2,1,5,999,999
2,1,6,999,999
2,2,1,27.8579,0.5783055555555556
2,2,2,27.8579,0.5783055555555556
2,2,3,27.8579,0.5783055555555556
2,2,4,27.8579,0.5783055555555556
2,2,5,999,999
2,2,6,999,999
2,3,1,30.9857,0.60825
2,3,2,30.9857,0.60825
2,3,3,30.9857,0.60825
2,3,4,30.9857,0.60825
2,3,5,999,999
2,3,6,999,999
2,4,1,32.4894,0.6651666666666667
2,4,2,32.4894,0.6651666666666667
2,4,3,32.4894,0.6651666666666667
2,4,4,32.4894,0.6651666666666667
2,4,5,999,999
2,4,6,999,999
2,5,1,9.7551,0.29474999999999996
2,5,2,9.7551,0.29474999999999996
2,5,3,9.7551,0.29474999999999996
2,5,4,9.7551,0.29474999999999996
2,5,5,999,999
2,5,6,999,999
2,6,1,9.8405,0.18855555555555553
2,6,2,9.8405,0.18855555555555553
2,6,3,9.8405,0.18855555555555553
2,6,4,9.8405,0.18855555555555553
2,6,5,999,999
2,6,6,999,999
2,7,1,11.326,0.22316666666666665
2,7,2,11.326,0.22316666666666665
2,7,3,11.326,0.22316666666666665
2,7,4,11.326,0.22316666666666665
2,7,5,999,999
2,7,6,999,999
2,8,1,10.2784,0.3056666666666667
2,8,2,10.2784,0.3056666666666667
2,8,3,10.2784,0.3056666666666667
2,8,4,10.2784,0.3056666666666667
2,8,5,999,999
2,8,6,999,999
2,9,1,30.9292,0.6253055555555556
2,9,2,30.9292,0.6253055555555556
2,9,3,30.9292,0.6253055555555556
2,9,4,30.9292,0.6253055555555556
2,9,5,999,999
2,9,6,999,999
2,10,1,22.593799999999998,0.5469722222222222
2,10,2,22.593799999999998,0.5469722222222222
2,10,3,22.593799999999998,0.5469722222222222
2,10,4,22.593799999999998,0.5469722222222222
2,10,5,999,999
2,10,6,999,999
2,11,1,25.9622,0.572
2,11,2,25.9622,0.572
2,11,3,25.9622,0.572
2,11,4,25.9622,0.572
2,11,5,999,999
2,11,6,999,999
2,12,1,8.2477,0.21802777777777776
2,12,2,8.2477,0.21802777777777776
2,12,3,8.2477,0.21802777777777776
2,12,4,8.2477,0.21802777777777776
2,12,5,999,999
2,12,6,999,999
2,13,1,15.6216,0.3051111111111111
2,13,2,15.6216,0.3051111111111111
2,13,3,15.6216,0.3051111111111111
2,13,4,15.6216,0.3051111111111111
2,13,5,999,999
2,13,6,999,999
2,14,1,22.331400000000002,0.5229166666666667
2,14,2,22.331400000000002,0.5229166666666667
2,14,3,22.331400000000002,0.5229166666666667
2,14,4,22.331400000000002,0.5229166666666667
2,14,5,999,999
2,14,6,999,999
2,15,1,21.6758,0.5161388888888888
2,15,2,21.6758,0.5161388888888888
2,15,3,21.6758,0.5161388888888888
2,15,4,21.6758,0.5161388888888888
2,15,5,999,999
2,15,6,999,999
2,16,1,23.2201,0.5611666666666667
2,16,2,23.2201,0.5611666666666667
2,16,3,23.2201,0.5611666666666667
2,16,4,23.2201,0.5611666666666667
2,16,5,999,999
2,16,6,999,999
2,17,1,29.9357,0.5962222222222222
2,17,2,29.9357,0.5962222222222222
2,17,3,29.9357,0.5962222222222222
2,17,4,29.9357,0.5962222222222222
2,17,5,999,999
2,17,6,999,999
2,18,1,21.3347,0.4999444444444444
2,18,2,21.3347,0.4999444444444444
2,18,3,21.3347,0.4999444444444444
2,18,4,21.3347,0.4999444444444444
2,18,5,999,999
2,18,6,999,999
2,19,1,13.6271,0.34627777777777774
2,19,2,13.6271,0.34627777777777774
2,19,3,13.6271,0.34627777777777774
2,19,4,13.6271,0.34627777777777774
2,19,5,999,999
2,19,6,999,999
2,20,1,22.449900000000003,0.48875
2,20,2,22.449900000000003,0.48875
2,20,3,22.449900000000003,0.48875
2,20,4,22.449900000000003,0.48875
2,20,5,999,999
2,20,6,999,999
2,21,1,31.3823,0.6720277777777778
2,21,2,31.3823,0.6720277777777778
2,21,3,31.3823,0.6720277777777778
2,21,4,31.3823,0.6720277777777778
2,21,5,999,999
2,21,6,999,999
2,22,1,30.725,0.6605555555555556
2,22,2,30.725,0.6605555555555556
2,22,3,30.725,0.6605555555555556
2,22,4,30.725,0.6605555555555556
2,22,5,999,999
2,22,6,999,999
2,23,1,11.051,0.33341666666666664
2,23,2,11.051,0.33341666666666664
2,23,3,11.051,0.33341666666666664
2,23,4,11.051,0.33341666666666664
2,23,5,999,999
2,23,6,999,999
2,24,1,14.534600000000001,0.3516666666666667
2,24,2,14.534600000000001,0.3516666666666667
2,24,3,14.534600000000001,0.3516666666666667
2,24,4,14.534600000000001,0.3516666666666667
2,24,5,999,999
2,24,6,999,999
2,25,1,13.885399999999999,0.3551944444444445
2,25,2,13.885399999999999,0.3551944444444445
2,25,3,13.885399999999999,0.3551944444444445
2,25,4,13.885399999999999,0.3551944444444445
2,25,5,999,999
2,25,6,999,999
2,26,1,15.183,0.3831111111111111
2,26,2,15.183,0.3831111111111111
2,26,3,15.183,0.3831111111111111
2,26,4,15.183,0.3831111111111111
2,26,5,999,999
2,26,6,999,999
2,27,1,32.8318,0.6734722222222222
2,27,2,32.8318,0.6734722222222222
2,27,3,32.8318,0.6734722222222222
2,27,4,32.8318,0.6734722222222222
2,27,5,999,999
2,27,6,999,999
2,28,1,6.229,0.1897777777777778
2,28,2,6.229,0.1897777777777778
2,28,3,6.229,0.1897777777777778
2,28,4,6.229,0.1897777777777778
2,28,5,999,999
2,28,6,999,999
2,29,1,16.9481,0.3165277777777778
2,29,2,16.9481,0.3165277777777778
2,29,3,16.9481,0.3165277777777778
2,29,4,16.9481,0.3165277777777778
2,29,5,999,999
2,29,6,999,999
2,30,1,27.2383,0.607111111111111
2,30,2,27.2383,0.607111111111111
2,30,3,27.2383,0.607111111111111
2,30,4,27.2383,0.607111111111111
2,30,5,999,999
2,30,6,999,999
3,1,1,24.5344,0.4819722222222222
3,1,2,24.5344,0.4819722222222222
3,1,3,24.5344,0.4819722222222222
3,1,4,24.5344,0.4819722222222222
3,1,5,999,999
3,1,6,999,999
3,2,1,20.5315,0.40791666666666665
3,2,2,20.5315,0.40791666666666665
3,2,3,20.5315,0.40791666666666665
3,2,4,20.5315,0.40791666666666665
3,2,5,999,999
3,2,6,999,999
3,3,1,25.7924,0.4879444444444444
3,3,2,25.7924,0.4879444444444444
3,3,3,25.7924,0.4879444444444444
3,3,4,25.7924,0.4879444444444444
3,3,5,999,999
3,3,6,999,999
3,4,1,11.195,0.2569444444444444
3,4,2,11.195,0.2569444444444444
3,4,3,11.195,0.2569444444444444
3,4,4,11.195,0.2569444444444444
3,4,5,999,999
3,4,6,999,999
3,5,1,29.418400000000002,0.6825555555555555
3,5,2,29.418400000000002,0.6825555555555555
3,5,3,29.418400000000002,0.6825555555555555
3,5,4,29.418400000000002,0.6825555555555555
3,5,5,999,999
3,5,6,999,999
3,6,1,35.078900000000004,0.8143333333333334
3,6,2,35.078900000000004,0.8143333333333334
3,6,3,35.078900000000004,0.8143333333333334
3,6,4,35.078900000000004,0.8143333333333334
3,6,5,999,999
3,6,6,999,999
3,7,1,38.445800000000006,0.8180555555555555
3,7,2,38.445800000000006,0.8180555555555555
3,7,3,38.445800000000006,0.8180555555555555
3,7,4,38.445800000000006,0.8180555555555555
3,7,5,999,999
3,7,6,999,999
3,8,1,31.2965,0.7023888888888888
3,8,2,31.2965,0.7023888888888888
3,8,3,31.2965,0.7023888888888888
3,8,4,31.2965,0.7023888888888888
3,8,5,999,999
3,8,6,999,999
3,9,1,25.7359,0.505
3,9,2,25.7359,0.505
3,9,3,25.7359,0.505
3,9,4,25.7359,0.505
3,9,5,999,999
3,9,6,999,999
3,10,1,24.2464,0.47575
3,10,2,24.2464,0.47575
3,10,3,24.2464,0.47575
3,10,4,24.2464,0.47575
3,10,5,999,999
3,10,6,999,999
3,11,1,18.5334,0.41183333333333333
3,11,2,18.5334,0.41183333333333333
3,11,3,18.5334,0.41183333333333333
3,11,4,18.5334,0.41183333333333333
3,11,5,999,999
3,11,6,999,999
3,12,1,31.156599999999997,0.7001388888888889
3,12,2,31.156599999999997,0.7001388888888889
3,12,3,31.156599999999997,0.7001388888888889
3,12,4,31.156599999999997,0.7001388888888889
3,12,5,999,999
3,12,6,999,999
3,13,1,36.6465,0.7828055555555555
3,13,2,36.6465,0.7828055555555555
3,13,3,36.6465,0.7828055555555555
3,13,4,36.6465,0.7828055555555555
3,13,5,999,999
3,13,6,999,999
3,14,1,30.0876,0.6033333333333334
3,14,2,30.0876,0.6033333333333334
3,14,3,30.0876,0.6033333333333334
3,14,4,30.0876,0.6033333333333334
3,14,5,999,999
3,14,6,999,999
3,15,1,29.6052,0.5939166666666666
3,15,2,29.6052,0.5939166666666666
3,15,3,29.6052,0.5939166666666666
3,15,4,29.6052,0.5939166666666666
3,15,5,999,999
3,15,6,999,999
3,16,1,30.1509,0.6116666666666667
3,16,2,30.1509,0.6116666666666667
3,16,3,30.1509,0.6116666666666667
3,16,4,30.1509,0.6116666666666667
3,16,5,999,999
3,16,6,999,999
3,17,1,22.8169,0.4641111111111111
3,17,2,22.8169,0.4641111111111111
3,17,3,22.8169,0.4641111111111111
3,17,4,22.8169,0.4641111111111111
3,17,5,999,999
3,17,6,999,999
3,18,1,24.8012,0.5252777777777777
3,18,2,24.8012,0.5252777777777777
3,18,3,24.8012,0.5252777777777777
3,18,4,24.8012,0.5252777777777777
3,18,5,999,999
3,18,6,999,999
3,19,1,26.484,0.6010833333333334
3,19,2,26.484,0.6010833333333334
3,19,3,26.484,0.6010833333333334
3,19,4,26.484,0.6010833333333334
3,19,5,999,999
3,19,6,999,999
3,20,1,23.3123,0.4688888888888889
3,20,2,23.3123,0.4688888888888889
3,20,3,23.3123,0.4688888888888889
3,20,4,23.3123,0.4688888888888889
3,20,5,999,999
3,20,6,999,999
3,21,1,12.4425,0.317
3,21,2,12.4425,0.317
3,21,3,12.4425,0.317
3,21,4,12.4425,0.317
3,21,5,999,999
3,21,6,999,999
3,22,1,11.966,0.2995
3,22,2,11.966,0.2995
3,22,3,11.966,0.2995
3,22,4,11.966,0.2995
3,22,5,999,999
3,22,6,999,999
3,23,1,30.783,0.7086111111111111
3,23,2,30.783,0.7086111111111111
3,23,3,30.783,0.7086111111111111
3,23,4,30.783,0.7086111111111111
3,23,5,999,999
3,23,6,999,999
3,24,1,25.212400000000002,0.5594166666666667
3,24,2,25.212400000000002,0.5594166666666667
3,24,3,25.212400000000002,0.5594166666666667
3,24,4,25.212400000000002,0.5594166666666667
3,24,5,999,999
3,24,6,999,999
3,25,1,33.834300000000006,0.7138888888888889
3,25,2,33.834300000000006,0.7138888888888889
3,25,3,33.834300000000006,0.7138888888888889
3,25,4,33.834300000000006,0.7138888888888889
3,25,5,999,999
3,25,6,999,999
3,26,1,24.9954,0.5806111111111111
3,26,2,24.9954,0.5806111111111111
3,26,3,24.9954,0.5806111111111111
3,26,4,24.9954,0.5806111111111111
3,26,5,999,999
3,26,6,999,999
3,27,1,11.5374,0.26525
3,27,2,11.5374,0.26525
3,27,3,11.5374,0.26525
3,27,4,11.5374,0.26525
3,27,5,999,999
3,27,6,999,999
3,28,1,38.419,0.9060277777777778
3,28,2,38.419,0.9060277777777778
3,28,3,38.419,0.9060277777777778
3,28,4,38.419,0.9060277777777778
3,28,5,999,999
3,28,6,999,999
3,29,1,37.9521,0.78625
3,29,2,37.9521,0.78625
3,29,3,37.9521,0.78625
3,29,4,37.9521,0.78625
3,29,5,999,999
3,29,6,999,999
3,30,1,12.7127,0.29400000000000004
3,30,2,12.7127,0.29400000000000004
3,30,3,12.7127,0.29400000000000004
3,30,4,12.7127,0.29400000000000004
3,30,5,999,999
3,30,6,999,999
4,1,1,9.9291,0.19983333333333334
4,1,2,9.9291,0.19983333333333334
4,1,3,9.9291,0.19983333333333334
4,1,4,9.9291,0.19983333333333334
4,1,5,999,999
4,1,6,999,999
4,2,1,5.9262,0.1257777777777778
4,2,2,5.9262,0.1257777777777778
4,2,3,5.9262,0.1257777777777778
4,2,4,5.9262,0.1257777777777778
4,2,5,999,999
4,2,6,999,999
4,3,1,11.187100000000001,0.20580555555555555
4,3,2,11.187100000000001,0.20580555555555555
4,3,3,11.187100000000001,0.20580555555555555
4,3,4,11.187100000000001,0.20580555555555555
4,3,5,999,999
4,3,6,999,999
4,4,1,5.5461,0.1493611111111111
4,4,2,5.5461,0.1493611111111111
4,4,3,5.5461,0.1493611111111111
4,4,4,5.5461,0.1493611111111111
4,4,5,999,999
4,4,6,999,999
4,5,1,17.3635,0.3943333333333333
4,5,2,17.3635,0.3943333333333333
4,5,3,17.3635,0.3943333333333333
4,5,4,17.3635,0.3943333333333333
4,5,5,999,999
4,5,6,999,999
4,6,1,24.8111,0.5194166666666666
4,6,2,24.8111,0.5194166666666666
4,6,3,24.8111,0.5194166666666666
4,6,4,24.8111,0.5194166666666666
4,6,5,999,999
4,6,6,999,999
4,7,1,24.2092,0.5169166666666667
4,7,2,24.2092,0.5169166666666667
4,7,3,24.2092,0.5169166666666667
4,7,4,24.2092,0.5169166666666667
4,7,5,999,999
4,7,6,999,999
4,8,1,19.2415,0.4141666666666667
4,8,2,19.2415,0.4141666666666667
4,8,3,19.2415,0.4141666666666667
4,8,4,19.2415,0.4141666666666667
4,8,5,999,999
4,8,6,999,999
4,9,1,11.130600000000001,0.2228611111111111
4,9,2,11.130600000000001,0.2228611111111111
4,9,3,11.130600000000001,0.2228611111111111
4,9,4,11.130600000000001,0.2228611111111111
4,9,5,999,999
4,9,6,999,999
4,10,1,9.6411,0.19361111111111112
4,10,2,9.6411,0.19361111111111112
4,10,3,9.6411,0.19361111111111112
4,10,4,9.6411,0.19361111111111112
4,10,5,999,999
4,10,6,999,999
4,11,1,7.6615,0.16461111111111112
4,11,2,7.6615,0.16461111111111112
4,11,3,7.6615,0.16461111111111112
4,11,4,7.6615,0.16461111111111112
4,11,5,999,999
4,11,6,999,999
4,12,1,19.101599999999998,0.4119166666666667
4,12,2,19.101599999999998,0.4119166666666667
4,12,3,19.101599999999998,0.4119166666666667
4,12,4,19.101599999999998,0.4119166666666667
4,12,5,999,999
4,12,6,999,999
4,13,1,22.4099,0.4816666666666667
4,13,2,22.4099,0.4816666666666667
4,13,3,22.4099,0.4816666666666667
4,13,4,22.4099,0.4816666666666667
4,13,5,999,999
4,13,6,999,999
4,14,1,15.482299999999999,0.32119444444444445
4,14,2,15.482299999999999,0.32119444444444445
4,14,3,15.482299999999999,0.32119444444444445
4,14,4,15.482299999999999,0.32119444444444445
4,14,5,999,999
4,14,6,999,999
4,15,1,15.0,0.3117777777777778
4,15,2,15.0,0.3117777777777778
4,15,3,15.0,0.3117777777777778
4,15,4,15.0,0.3117777777777778
4,15,5,999,999
4,15,6,999,999
4,16,1,15.5456,0.32952777777777775
4,16,2,15.5456,0.32952777777777775
4,16,3,15.5456,0.32952777777777775
4,16,4,15.5456,0.32952777777777775
4,16,5,999,999
4,16,6,999,999
4,17,1,8.2117,0.18197222222222223
4,17,2,8.2117,0.18197222222222223
4,17,3,8.2117,0.18197222222222223
4,17,4,8.2117,0.18197222222222223
4,17,5,999,999
4,17,6,999,999
4,18,1,10.1959,0.24313888888888888
4,18,2,10.1959,0.24313888888888888
4,18,3,10.1959,0.24313888888888888
4,18,4,10.1959,0.24313888888888888
4,18,5,999,999
4,18,6,999,999
4,19,1,14.4291,0.3128611111111111
4,19,2,14.4291,0.3128611111111111
4,19,3,14.4291,0.3128611111111111
4,19,4,14.4291,0.3128611111111111
4,19,5,999,999
4,19,6,999,999
4,20,1,8.1573,0.17991666666666667
4,20,2,8.1573,0.17991666666666667
4,20,3,8.1573,0.17991666666666667
4,20,4,8.1573,0.17991666666666667
4,20,5,999,999
4,20,6,999,999
4,21,1,8.288200000000002,0.21483333333333332
4,21,2,8.288200000000002,0.21483333333333332
4,21,3,8.288200000000002,0.21483333333333332
4,21,4,8.288200000000002,0.21483333333333332
4,21,5,999,999
4,21,6,999,999
4,22,1,7.8117,0.19733333333333333
4,22,2,7.8117,0.19733333333333333
4,22,3,7.8117,0.19733333333333333
4,22,4,7.8117,0.19733333333333333
4,22,5,999,999
4,22,6,999,999
4,23,1,18.728099999999998,0.4203888888888889
4,23,2,18.728099999999998,0.4203888888888889
4,23,3,18.728099999999998,0.4203888888888889
4,23,4,18.728099999999998,0.4203888888888889
4,23,5,999,999
4,23,6,999,999
4,24,1,13.157399999999999,0.2711944444444444
4,24,2,13.157399999999999,0.2711944444444444
4,24,3,13.157399999999999,0.2711944444444444
4,24,4,13.157399999999999,0.2711944444444444
4,24,5,999,999
4,24,6,999,999
4,25,1,18.479,0.41094444444444445
4,25,2,18.479,0.41094444444444445
4,25,3,18.479,0.41094444444444445
4,25,4,18.479,0.41094444444444445
4,25,5,999,999
4,25,6,999,999
4,26,1,12.9405,0.29238888888888886
4,26,2,12.9405,0.29238888888888886
4,26,3,12.9405,0.29238888888888886
4,26,4,12.9405,0.29238888888888886
4,26,5,999,999
4,26,6,999,999
4,27,1,5.546600000000001,0.1527222222222222
4,27,2,5.546600000000001,0.1527222222222222
4,27,3,5.546600000000001,0.1527222222222222
4,27,4,5.546600000000001,0.1527222222222222
4,27,5,999,999
4,27,6,999,999
4,28,1,26.364099999999997,0.6178055555555555
4,28,2,26.364099999999997,0.6178055555555555
4,28,3,26.364099999999997,0.6178055555555555
4,28,4,26.364099999999997,0.6178055555555555
4,28,5,999,999
4,28,6,999,999
4,29,1,23.7155,0.48511111111111116
4,29,2,23.7155,0.48511111111111116
4,29,3,23.7155,0.48511111111111116
4,29,4,23.7155,0.48511111111111116
4,29,5,999,999
4,29,6,999,999
4,30,1,2.1259,0.06916666666666667
4,30,2,2.1259,0.06916666666666667
4,30,3,2.1259,0.06916666666666667
4,30,4,2.1259,0.06916666666666667
4,30,5,999,999
4,30,6,999,999
5,1,1,11.415,0.24761111111111112
5,1,2,11.415,0.24761111111111112
5,1,3,11.415,0.24761111111111112
5,1,4,11.415,0.24761111111111112
5,1,5,999,999
5,1,6,999,999
5,2,1,17.5413,0.3179444444444444
5,2,2,17.5413,0.3179444444444444
5,2,3,17.5413,0.3179444444444444
5,2,4,17.5413,0.3179444444444444
5,2,5,999,999
5,2,6,999,999
5,3,1,20.6691,0.3478888888888889
5,3,2,20.6691,0.3478888888888889
5,3,3,20.6691,0.3478888888888889
5,3,4,20.6691,0.3478888888888889
5,3,5,999,999
5,3,6,999,999
5,4,1,23.5813,0.44758333333333333
5,4,2,23.5813,0.44758333333333333
5,4,3,23.5813,0.44758333333333333
5,4,4,23.5813,0.44758333333333333
5,4,5,999,999
5,4,6,999,999
5,5,1,7.746899999999999,0.21263888888888888
5,5,2,7.746899999999999,0.21263888888888888
5,5,3,7.746899999999999,0.21263888888888888
5,5,4,7.746899999999999,0.21263888888888888
5,5,5,999,999
5,5,6,999,999
5,6,1,8.1107,0.18177777777777776
5,6,2,8.1107,0.18177777777777776
5,6,3,8.1107,0.18177777777777776
5,6,4,8.1107,0.18177777777777776
5,6,5,999,999
5,6,6,999,999
5,7,1,7.5087,0.17927777777777776
5,7,2,7.5087,0.17927777777777776
5,7,3,7.5087,0.17927777777777776
5,7,4,7.5087,0.17927777777777776
5,7,5,999,999
5,7,6,999,999
5,8,1,2.6345,0.09774999999999999
5,8,2,2.6345,0.09774999999999999
5,8,3,2.6345,0.09774999999999999
5,8,4,2.6345,0.09774999999999999
5,8,5,999,999
5,8,6,999,999
5,9,1,20.612599999999997,0.3649444444444444
5,9,2,20.612599999999997,0.3649444444444444
5,9,3,20.612599999999997,0.3649444444444444
5,9,4,20.612599999999997,0.3649444444444444
5,9,5,999,999
5,9,6,999,999
5,10,1,12.4037,0.2807222222222222
5,10,2,12.4037,0.2807222222222222
5,10,3,12.4037,0.2807222222222222
5,10,4,12.4037,0.2807222222222222
5,10,5,999,999
5,10,6,999,999
5,11,1,20.948700000000002,0.3829722222222222
5,11,2,20.948700000000002,0.3829722222222222
5,11,3,20.948700000000002,0.3829722222222222
5,11,4,20.948700000000002,0.3829722222222222
5,11,5,999,999
5,11,6,999,999
5,12,1,12.6474,0.24219444444444443
5,12,2,12.6474,0.24219444444444443
5,12,3,12.6474,0.24219444444444443
5,12,4,12.6474,0.24219444444444443
5,12,5,999,999
5,12,6,999,999
5,13,1,3.3121,0.10769444444444444
5,13,2,3.3121,0.10769444444444444
5,13,3,3.3121,0.10769444444444444
5,13,4,3.3121,0.10769444444444444
5,13,5,999,999
5,13,6,999,999
5,14,1,10.1039,0.22138888888888889
5,14,2,10.1039,0.22138888888888889
5,14,3,10.1039,0.22138888888888889
5,14,4,10.1039,0.22138888888888889
5,14,5,999,999
5,14,6,999,999
5,15,1,9.4483,0.2146111111111111
5,15,2,9.4483,0.2146111111111111
5,15,3,9.4483,0.2146111111111111
5,15,4,9.4483,0.2146111111111111
5,15,5,999,999
5,15,6,999,999
5,16,1,10.9926,0.2596388888888889
5,16,2,10.9926,0.2596388888888889
5,16,3,10.9926,0.2596388888888889
5,16,4,10.9926,0.2596388888888889
5,16,5,999,999
5,16,6,999,999
5,17,1,19.6191,0.3358611111111111
5,17,2,19.6191,0.3358611111111111
5,17,3,19.6191,0.3358611111111111
5,17,4,19.6191,0.3358611111111111
5,17,5,999,999
5,17,6,999,999
5,18,1,8.950299999999999,0.22441666666666665
5,18,2,8.950299999999999,0.22441666666666665
5,18,3,8.950299999999999,0.22441666666666665
5,18,4,8.950299999999999,0.22441666666666665
5,18,5,999,999
5,18,6,999,999
5,19,1,8.591700000000001,0.15802777777777777
5,19,2,8.591700000000001,0.15802777777777777
5,19,3,8.591700000000001,0.15802777777777777
5,19,4,8.591700000000001,0.15802777777777777
5,19,5,999,999
5,19,6,999,999
5,20,1,12.1332,0.2283888888888889
5,20,2,12.1332,0.2283888888888889
5,20,3,12.1332,0.2283888888888889
5,20,4,12.1332,0.2283888888888889
5,20,5,999,999
5,20,6,999,999
5,21,1,26.3688,0.483
5,21,2,26.3688,0.483
5,21,3,26.3688,0.483
5,21,4,26.3688,0.483
5,21,5,999,999
5,21,6,999,999
5,22,1,25.7115,0.47152777777777777
5,22,2,25.7115,0.47152777777777777
5,22,3,25.7115,0.47152777777777777
5,22,4,25.7115,0.47152777777777777
5,22,5,999,999
5,22,6,999,999
5,23,1,2.6535,0.11608333333333333
5,23,2,2.6535,0.11608333333333333
5,23,3,2.6535,0.11608333333333333
5,23,4,2.6535,0.11608333333333333
5,23,5,999,999
5,23,6,999,999
5,24,1,10.4803,0.1935277777777778
5,24,2,10.4803,0.1935277777777778
5,24,3,10.4803,0.1935277777777778
5,24,4,10.4803,0.1935277777777778
5,24,5,999,999
5,24,6,999,999
5,25,1,0.44739999999999996,0.02211111111111111
5,25,2,0.44739999999999996,0.02211111111111111
5,25,3,0.44739999999999996,0.02211111111111111
5,25,4,0.44739999999999996,0.02211111111111111
5,25,5,999,999
5,25,6,999,999
5,26,1,9.1424,0.1852777777777778
5,26,2,9.1424,0.1852777777777778
5,26,3,9.1424,0.1852777777777778
5,26,4,9.1424,0.1852777777777778
5,26,5,999,999
5,26,6,999,999
5,27,1,23.581799999999998,0.4509444444444445
5,27,2,23.581799999999998,0.4509444444444445
5,27,3,23.581799999999998,0.4509444444444445
5,27,4,23.581799999999998,0.4509444444444445
5,27,5,999,999
5,27,6,999,999
5,28,1,14.5525,0.4220833333333333
5,28,2,14.5525,0.4220833333333333
5,28,3,14.5525,0.4220833333333333
5,28,4,14.5525,0.4220833333333333
5,28,5,999,999
5,28,6,999,999
5,29,1,7.015,0.14747222222222223
5,29,2,7.015,0.14747222222222223
5,29,3,7.015,0.14747222222222223
5,29,4,7.015,0.14747222222222223
5,29,5,999,999
5,29,6,999,999
5,30,1,21.139400000000002,0.38930555555555557
5,30,2,21.139400000000002,0.38930555555555557
5,30,3,21.139400000000002,0.38930555555555557
5,30,4,21.139400000000002,0.38930555555555557
5,30,5,999,999
5,30,6,999,999
6,1,1,6.5068,0.17436111111111113
6,1,2,6.5068,0.17436111111111113
6,1,3,6.5068,0.17436111111111113
6,1,4,6.5068,0.17436111111111113
6,1,5,999,999
6,1,6,999,999
6,2,1,9.6205,0.22875
6,2,2,9.6205,0.22875
6,2,3,9.6205,0.22875
6,2,4,9.6205,0.22875
6,2,5,999,999
6,2,6,999,999
6,3,1,12.7484,0.25869444444444445
6,3,2,12.7484,0.25869444444444445
6,3,3,12.7484,0.25869444444444445
6,3,4,12.7484,0.25869444444444445
6,3,5,999,999
6,3,6,999,999
6,4,1,15.524799999999999,0.3518611111111111
6,4,2,15.524799999999999,0.3518611111111111
6,4,3,15.524799999999999,0.3518611111111111
6,4,4,15.524799999999999,0.3518611111111111
6,4,5,999,999
6,4,6,999,999
6,5,1,9.3949,0.21755555555555556
6,5,2,9.3949,0.21755555555555556
6,5,3,9.3949,0.21755555555555556
6,5,4,9.3949,0.21755555555555556
6,5,5,999,999
6,5,6,999,999
6,6,1,14.440299999999999,0.2991666666666667
6,6,2,14.440299999999999,0.2991666666666667
6,6,3,14.440299999999999,0.2991666666666667
6,6,4,14.440299999999999,0.2991666666666667
6,6,5,999,999
6,6,6,999,999
6,7,1,13.8384,0.2966666666666667
6,7,2,13.8384,0.2966666666666667
6,7,3,13.8384,0.2966666666666667
6,7,4,13.8384,0.2966666666666667
6,7,5,999,999
6,7,6,999,999
6,8,1,7.857,0.2101111111111111
6,8,2,7.857,0.2101111111111111
6,8,3,7.857,0.2101111111111111
6,8,4,7.857,0.2101111111111111
6,8,5,999,999
6,8,6,999,999
6,9,1,12.6919,0.27575
6,9,2,12.6919,0.27575
6,9,3,12.6919,0.27575
6,9,4,12.6919,0.27575
6,9,5,999,999
6,9,6,999,999
6,10,1,7.4954,0.20747222222222222
6,10,2,7.4954,0.20747222222222222
6,10,3,7.4954,0.20747222222222222
6,10,4,7.4954,0.20747222222222222
6,10,5,999,999
6,10,6,999,999
6,11,1,15.425,0.3181666666666667
6,11,2,15.425,0.3181666666666667
6,11,3,15.425,0.3181666666666667
6,11,4,15.425,0.3181666666666667
6,11,5,999,999
6,11,6,999,999
6,12,1,11.133,0.2351388888888889
6,12,2,11.133,0.2351388888888889
6,12,3,11.133,0.2351388888888889
6,12,4,11.133,0.2351388888888889
6,12,5,999,999
6,12,6,999,999
6,13,1,9.048399999999999,0.23927777777777778
6,13,2,9.048399999999999,0.23927777777777778
6,13,3,9.048399999999999,0.23927777777777778
6,13,4,9.048399999999999,0.23927777777777778
6,13,5,999,999
6,13,6,999,999
6,14,1,5.1956999999999995,0.14813888888888888
6,14,2,5.1956999999999995,0.14813888888888888
6,14,3,5.1956999999999995,0.14813888888888888
6,14,4,5.1956999999999995,0.14813888888888888
6,14,5,999,999
6,14,6,999,999
6,15,1,4.540100000000001,0.1413611111111111
6,15,2,4.540100000000001,0.1413611111111111
6,15,3,4.540100000000001,0.1413611111111111
6,15,4,4.540100000000001,0.1413611111111111
6,15,5,999,999
6,15,6,999,999
6,16,1,6.0844,0.18638888888888888
6,16,2,6.0844,0.18638888888888888
6,16,3,6.0844,0.18638888888888888
6,16,4,6.0844,0.18638888888888888
6,16,5,999,999
6,16,6,999,999
6,17,1,11.6984,0.24666666666666667
6,17,2,11.6984,0.24666666666666667
6,17,3,11.6984,0.24666666666666667
6,17,4,11.6984,0.24666666666666667
6,17,5,999,999
6,17,6,999,999
6,18,1,3.2901,0.12844444444444444
6,18,2,3.2901,0.12844444444444444
6,18,3,3.2901,0.12844444444444444
6,18,4,3.2901,0.12844444444444444
6,18,5,999,999
6,18,6,999,999
6,19,1,6.434699999999999,0.13411111111111113
6,19,2,6.434699999999999,0.13411111111111113
6,19,3,6.434699999999999,0.13411111111111113
6,19,4,6.434699999999999,0.13411111111111113
6,19,5,999,999
6,19,6,999,999
6,20,1,6.9133000000000004,0.1686111111111111
6,20,2,6.9133000000000004,0.1686111111111111
6,20,3,6.9133000000000004,0.1686111111111111
6,20,4,6.9133000000000004,0.1686111111111111
6,20,5,999,999
6,20,6,999,999
6,21,1,19.3684,0.40519444444444447
6,21,2,19.3684,0.40519444444444447
6,21,3,19.3684,0.40519444444444447
6,21,4,19.3684,0.40519444444444447
6,21,5,999,999
6,21,6,999,999
6,22,1,18.8918,0.38769444444444445
6,22,2,18.8918,0.38769444444444445
6,22,3,18.8918,0.38769444444444445
6,22,4,18.8918,0.38769444444444445
6,22,5,999,999
6,22,6,999,999
6,23,1,8.4819,0.22819444444444445
6,23,2,8.4819,0.22819444444444445
6,23,3,8.4819,0.22819444444444445
6,23,4,8.4819,0.22819444444444445
6,23,5,999,999
6,23,6,999,999
6,24,1,7.7543,0.16924999999999998
6,24,2,7.7543,0.16924999999999998
6,24,3,7.7543,0.16924999999999998
6,24,4,7.7543,0.16924999999999998
6,24,5,999,999
6,24,6,999,999
6,25,1,6.4068000000000005,0.16625
6,25,2,6.4068000000000005,0.16625
6,25,3,6.4068000000000005,0.16625
6,25,4,6.4068000000000005,0.16625
6,25,5,999,999
6,25,6,999,999
6,26,1,6.1231,0.14741666666666667
6,26,2,6.1231,0.14741666666666667
6,26,3,6.1231,0.14741666666666667
6,26,4,6.1231,0.14741666666666667
6,26,5,999,999
6,26,6,999,999
6,27,1,15.5254,0.3552222222222222
6,27,2,15.5254,0.3552222222222222
6,27,3,15.5254,0.3552222222222222
6,27,4,15.5254,0.3552222222222222
6,27,5,999,999
6,27,6,999,999
6,28,1,18.395400000000002,0.4410277777777778
6,28,2,18.395400000000002,0.4410277777777778
6,28,3,18.395400000000002,0.4410277777777778
6,28,4,18.395400000000002,0.4410277777777778
6,28,5,999,999
6,28,6,999,999
6,29,1,13.344700000000001,0.2648611111111111
6,29,2,13.344700000000001,0.2648611111111111
6,29,3,13.344700000000001,0.2648611111111111
6,29,4,13.344700000000001,0.2648611111111111
6,29,5,999,999
6,29,6,999,999
6,30,1,13.083,0.29358333333333336
6,30,2,13.083,0.29358333333333336
6,30,3,13.083,0.29358333333333336
6,30,4,13.083,0.29358333333333336
6,30,5,999,999
6,30,6,999,999
7,1,1,9.6586,0.2443611111111111
7,1,2,9.6586,0.2443611111111111
7,1,3,9.6586,0.2443611111111111
7,1,4,9.6586,0.2443611111111111
7,1,5,999,999
7,1,6,999,999
7,2,1,15.2,0.2965277777777778
7,2,2,15.2,0.2965277777777778
7,2,3,15.2,0.2965277777777778
7,2,4,15.2,0.2965277777777778
7,2,5,999,999
7,2,6,999,999
7,3,1,18.3278,0.3264722222222222
7,3,2,18.3278,0.3264722222222222
7,3,3,18.3278,0.3264722222222222
7,3,4,18.3278,0.3264722222222222
7,3,5,999,999
7,3,6,999,999
7,4,1,20.848,0.40163888888888893
7,4,2,20.848,0.40163888888888893
7,4,3,20.848,0.40163888888888893
7,4,4,20.848,0.40163888888888893
7,4,5,999,999
7,4,6,999,999
7,5,1,4.4624,0.13416666666666666
7,5,2,4.4624,0.13416666666666666
7,5,3,4.4624,0.13416666666666666
7,5,4,4.4624,0.13416666666666666
7,5,5,999,999
7,5,6,999,999
7,6,1,10.123,0.26594444444444443
7,6,2,10.123,0.26594444444444443
7,6,3,10.123,0.26594444444444443
7,6,4,10.123,0.26594444444444443
7,6,5,999,999
7,6,6,999,999
7,7,1,13.489799999999999,0.26966666666666667
7,7,2,13.489799999999999,0.26966666666666667
7,7,3,13.489799999999999,0.26966666666666667
7,7,4,13.489799999999999,0.26966666666666667
7,7,5,999,999
7,7,6,999,999
7,8,1,6.3405,0.154
7,8,2,6.3405,0.154
7,8,3,6.3405,0.154
7,8,4,6.3405,0.154
7,8,5,999,999
7,8,6,999,999
7,9,1,18.2713,0.34352777777777777
7,9,2,18.2713,0.34352777777777777
7,9,3,18.2713,0.34352777777777777
7,9,4,18.2713,0.34352777777777777
7,9,5,999,999
7,9,6,999,999
7,10,1,10.3773,0.2803611111111111
7,10,2,10.3773,0.2803611111111111
7,10,3,10.3773,0.2803611111111111
7,10,4,10.3773,0.2803611111111111
7,10,5,999,999
7,10,6,999,999
7,11,1,14.320799999999998,0.3084722222222222
7,11,2,14.320799999999998,0.3084722222222222
7,11,3,14.320799999999998,0.3084722222222222
7,11,4,14.320799999999998,0.3084722222222222
7,11,5,999,999
7,11,6,999,999
7,12,1,6.2006000000000006,0.15175
7,12,2,6.2006000000000006,0.15175
7,12,3,6.2006000000000006,0.15175
7,12,4,6.2006000000000006,0.15175
7,12,5,999,999
7,12,6,999,999
7,13,1,11.6905,0.23441666666666666
7,13,2,11.6905,0.23441666666666666
7,13,3,11.6905,0.23441666666666666
7,13,4,11.6905,0.23441666666666666
7,13,5,999,999
7,13,6,999,999
7,14,1,9.6735,0.2411388888888889
7,14,2,9.6735,0.2411388888888889
7,14,3,9.6735,0.2411388888888889
7,14,4,9.6735,0.2411388888888889
7,14,5,999,999
7,14,6,999,999
7,15,1,9.0179,0.23436111111111113
7,15,2,9.0179,0.23436111111111113
7,15,3,9.0179,0.23436111111111113
7,15,4,9.0179,0.23436111111111113
7,15,5,999,999
7,15,6,999,999
7,16,1,10.5622,0.27938888888888885
7,16,2,10.5622,0.27938888888888885
7,16,3,10.5622,0.27938888888888885
7,16,4,10.5622,0.27938888888888885
7,16,5,999,999
7,16,6,999,999
7,17,1,17.2778,0.31444444444444447
7,17,2,17.2778,0.31444444444444447
7,17,3,17.2778,0.31444444444444447
7,17,4,17.2778,0.31444444444444447
7,17,5,999,999
7,17,6,999,999
7,18,1,8.6768,0.21816666666666665
7,18,2,8.6768,0.21816666666666665
7,18,3,8.6768,0.21816666666666665
7,18,4,8.6768,0.21816666666666665
7,18,5,999,999
7,18,6,999,999
7,19,1,0.4755,0.01955555555555556
7,19,2,0.4755,0.01955555555555556
7,19,3,0.4755,0.01955555555555556
7,19,4,0.4755,0.01955555555555556
7,19,5,999,999
7,19,6,999,999
7,20,1,9.792,0.20697222222222222
7,20,2,9.792,0.20697222222222222
7,20,3,9.792,0.20697222222222222
7,20,4,9.792,0.20697222222222222
7,20,5,999,999
7,20,6,999,999
7,21,1,19.7409,0.4085
7,21,2,19.7409,0.4085
7,21,3,19.7409,0.4085
7,21,4,19.7409,0.4085
7,21,5,999,999
7,21,6,999,999
7,22,1,19.083599999999997,0.39702777777777776
7,22,2,19.083599999999997,0.39702777777777776
7,22,3,19.083599999999997,0.39702777777777776
7,22,4,19.083599999999997,0.39702777777777776
7,22,5,999,999
7,22,6,999,999
7,23,1,5.827,0.1602222222222222
7,23,2,5.827,0.1602222222222222
7,23,3,5.827,0.1602222222222222
7,23,4,5.827,0.1602222222222222
7,23,5,999,999
7,23,6,999,999
7,24,1,4.2965,0.10208333333333333
7,24,2,4.2965,0.10208333333333333
7,24,3,4.2965,0.10208333333333333
7,24,4,4.2965,0.10208333333333333
7,24,5,999,999
7,24,6,999,999
7,25,1,8.998700000000001,0.18447222222222223
7,25,2,8.998700000000001,0.18447222222222223
7,25,3,8.998700000000001,0.18447222222222223
7,25,4,8.998700000000001,0.18447222222222223
7,25,5,999,999
7,25,6,999,999
7,26,1,3.2689,0.10247222222222221
7,26,2,3.2689,0.10247222222222221
7,26,3,3.2689,0.10247222222222221
7,26,4,3.2689,0.10247222222222221
7,26,5,999,999
7,26,6,999,999
7,27,1,21.1904,0.40994444444444444
7,27,2,21.1904,0.40994444444444444
7,27,3,21.1904,0.40994444444444444
7,27,4,21.1904,0.40994444444444444
7,27,5,999,999
7,27,6,999,999
7,28,1,13.463,0.3576388888888889
7,28,2,13.463,0.3576388888888889
7,28,3,13.463,0.3576388888888889
7,28,4,13.463,0.3576388888888889
7,28,5,999,999
7,28,6,999,999
7,29,1,12.9961,0.2378611111111111
7,29,2,12.9961,0.2378611111111111
7,29,3,12.9961,0.2378611111111111
7,29,4,12.9961,0.2378611111111111
7,29,5,999,999
7,29,6,999,999
7,30,1,15.5969,0.34358333333333335
7,30,2,15.5969,0.34358333333333335
7,30,3,15.5969,0.34358333333333335
7,30,4,15.5969,0.34358333333333335
7,30,5,999,999
7,30,6,999,999
8,1,1,1.9384000000000001,0.07125
8,1,2,1.9384000000000001,0.07125
8,1,3,1.9384000000000001,0.07125
8,1,4,1.9384000000000001,0.07125
8,1,5,999,999
8,1,6,999,999
8,2,1,5.0921,0.15805555555555556
8,2,2,5.0921,0.15805555555555556
8,2,3,5.0921,0.15805555555555556
8,2,4,5.0921,0.15805555555555556
8,2,5,999,999
8,2,6,999,999
8,3,1,11.0985,0.19505555555555557
8,3,2,11.0985,0.19505555555555557
8,3,3,11.0985,0.19505555555555557
8,3,4,11.0985,0.19505555555555557
8,3,5,999,999
8,3,6,999,999
8,4,1,13.875,0.2882222222222222
8,4,2,13.875,0.2882222222222222
8,4,3,13.875,0.2882222222222222
8,4,4,13.875,0.2882222222222222
8,4,5,999,999
8,4,6,999,999
8,5,1,12.922,0.30130555555555555
8,5,2,12.922,0.30130555555555555
8,5,3,12.922,0.30130555555555555
8,5,4,12.922,0.30130555555555555
8,5,5,999,999
8,5,6,999,999
8,6,1,18.2751,0.4130833333333333
8,6,2,18.2751,0.4130833333333333
8,6,3,18.2751,0.4130833333333333
8,6,4,18.2751,0.4130833333333333
8,6,5,999,999
8,6,6,999,999
8,7,1,17.6732,0.4105833333333333
8,7,2,17.6732,0.4105833333333333
8,7,3,17.6732,0.4105833333333333
8,7,4,17.6732,0.4105833333333333
8,7,5,999,999
8,7,6,999,999
8,8,1,14.8294,0.3231111111111111
8,8,2,14.8294,0.3231111111111111
8,8,3,14.8294,0.3231111111111111
8,8,4,14.8294,0.3231111111111111
8,8,5,999,999
8,8,6,999,999
8,9,1,11.042,0.2121111111111111
8,9,2,11.042,0.2121111111111111
8,9,3,11.042,0.2121111111111111
8,9,4,11.042,0.2121111111111111
8,9,5,999,999
8,9,6,999,999
8,10,1,1.6505,0.06502777777777778
8,10,2,1.6505,0.06502777777777778
8,10,3,1.6505,0.06502777777777778
8,10,4,1.6505,0.06502777777777778
8,10,5,999,999
8,10,6,999,999
8,11,1,13.7752,0.25452777777777774
8,11,2,13.7752,0.25452777777777774
8,11,3,13.7752,0.25452777777777774
8,11,4,13.7752,0.25452777777777774
8,11,5,999,999
8,11,6,999,999
8,12,1,14.6601,0.3207777777777778
8,12,2,14.6601,0.3207777777777778
8,12,3,14.6601,0.3207777777777778
8,12,4,14.6601,0.3207777777777778
8,12,5,999,999
8,12,6,999,999
8,13,1,15.109,0.36525
8,13,2,15.109,0.36525
8,13,3,15.109,0.36525
8,13,4,15.109,0.36525
8,13,5,999,999
8,13,6,999,999
8,14,1,7.7778,0.19258333333333333
8,14,2,7.7778,0.19258333333333333
8,14,3,7.7778,0.19258333333333333
8,14,4,7.7778,0.19258333333333333
8,14,5,999,999
8,14,6,999,999
8,15,1,7.2954,0.18316666666666667
8,15,2,7.2954,0.18316666666666667
8,15,3,7.2954,0.18316666666666667
8,15,4,7.2954,0.18316666666666667
8,15,5,999,999
8,15,6,999,999
8,16,1,7.8411,0.20091666666666666
8,16,2,7.8411,0.20091666666666666
8,16,3,7.8411,0.20091666666666666
8,16,4,7.8411,0.20091666666666666
8,16,5,999,999
8,16,6,999,999
8,17,1,4.3228,0.1527777777777778
8,17,2,4.3228,0.1527777777777778
8,17,3,4.3228,0.1527777777777778
8,17,4,4.3228,0.1527777777777778
8,17,5,999,999
8,17,6,999,999
8,18,1,2.5921,0.09383333333333334
8,18,2,2.5921,0.09383333333333334
8,18,3,2.5921,0.09383333333333334
8,18,4,2.5921,0.09383333333333334
8,18,5,999,999
8,18,6,999,999
8,19,1,8.986,0.20252777777777778
8,19,2,8.986,0.20252777777777778
8,19,3,8.986,0.20252777777777778
8,19,4,8.986,0.20252777777777778
8,19,5,999,999
8,19,6,999,999
8,20,1,4.3988000000000005,0.14177777777777778
8,20,2,4.3988000000000005,0.14177777777777778
8,20,3,4.3988000000000005,0.14177777777777778
8,20,4,4.3988000000000005,0.14177777777777778
8,20,5,999,999
8,20,6,999,999
8,21,1,17.7185,0.34155555555555556
8,21,2,17.7185,0.34155555555555556
8,21,3,17.7185,0.34155555555555556
8,21,4,17.7185,0.34155555555555556
8,21,5,999,999
8,21,6,999,999
8,22,1,17.242,0.32405555555555554
8,22,2,17.242,0.32405555555555554
8,22,3,17.242,0.32405555555555554
8,22,4,17.242,0.32405555555555554
8,22,5,999,999
8,22,6,999,999
8,23,1,14.316,0.3293333333333333
8,23,2,14.316,0.3293333333333333
8,23,3,14.316,0.3293333333333333
8,23,4,14.316,0.3293333333333333
8,23,5,999,999
8,23,6,999,999
8,24,1,8.745299999999999,0.18013888888888888
8,24,2,8.745299999999999,0.18013888888888888
8,24,3,8.745299999999999,0.18013888888888888
8,24,4,8.745299999999999,0.18013888888888888
8,24,5,999,999
8,24,6,999,999
8,25,1,12.4675,0.2922222222222222
8,25,2,12.4675,0.2922222222222222
8,25,3,12.4675,0.2922222222222222
8,25,4,12.4675,0.2922222222222222
8,25,5,999,999
8,25,6,999,999
8,26,1,7.1141000000000005,0.15830555555555556
8,26,2,7.1141000000000005,0.15830555555555556
8,26,3,7.1141000000000005,0.15830555555555556
8,26,4,7.1141000000000005,0.15830555555555556
8,26,5,999,999
8,26,6,999,999
8,27,1,13.8755,0.29158333333333336
8,27,2,13.8755,0.29158333333333336
8,27,3,13.8755,0.29158333333333336
8,27,4,13.8755,0.29158333333333336
8,27,5,999,999
8,27,6,999,999
8,28,1,21.9225,0.5266666666666666
8,28,2,21.9225,0.5266666666666666
8,28,3,21.9225,0.5266666666666666
8,28,4,21.9225,0.5266666666666666
8,28,5,999,999
8,28,6,999,999
8,29,1,17.1795,0.37877777777777777
8,29,2,17.1795,0.37877777777777777
8,29,3,17.1795,0.37877777777777777
8,29,4,17.1795,0.37877777777777777
8,29,5,999,999
8,29,6,999,999
8,30,1,11.433200000000001,0.22994444444444442
8,30,2,11.433200000000001,0.22994444444444442
8,30,3,11.433200000000001,0.22994444444444442
8,30,4,11.433200000000001,0.22994444444444442
8,30,5,999,999
8,30,6,999,999
9,1,1,8.0968,0.15766666666666668
9,1,2,8.0968,0.15766666666666668
9,1,3,8.0968,0.15766666666666668
9,1,4,8.0968,0.15766666666666668
9,1,5,999,999
9,1,6,999,999
9,2,1,4.0939,0.08361111111111111
9,2,2,4.0939,0.08361111111111111
9,2,3,4.0939,0.08361111111111111
9,2,4,4.0939,0.08361111111111111
9,2,5,999,999
9,2,6,999,999
9,3,1,9.2055,0.1666388888888889
9,3,2,9.2055,0.1666388888888889
9,3,3,9.2055,0.1666388888888889
9,3,4,9.2055,0.1666388888888889
9,3,5,999,999
9,3,6,999,999
9,4,1,7.478,0.1978611111111111
9,4,2,7.478,0.1978611111111111
9,4,3,7.478,0.1978611111111111
9,4,4,7.478,0.1978611111111111
9,4,5,999,999
9,4,6,999,999
9,5,1,21.1078,0.43788888888888894
9,5,2,21.1078,0.43788888888888894
9,5,3,21.1078,0.43788888888888894
9,5,4,21.1078,0.43788888888888894
9,5,5,999,999
9,5,6,999,999
9,6,1,27.3123,0.5458055555555555
9,6,2,27.3123,0.5458055555555555
9,6,3,27.3123,0.5458055555555555
9,6,4,27.3123,0.5458055555555555
9,6,5,999,999
9,6,6,999,999
9,7,1,26.7104,0.5433055555555556
9,7,2,26.7104,0.5433055555555556
9,7,3,26.7104,0.5433055555555556
9,7,4,26.7104,0.5433055555555556
9,7,5,999,999
9,7,6,999,999
9,8,1,20.729,0.45675
9,8,2,20.729,0.45675
9,8,3,20.729,0.45675
9,8,4,20.729,0.45675
9,8,5,999,999
9,8,6,999,999
9,9,1,9.149,0.18369444444444444
9,9,2,9.149,0.18369444444444444
9,9,3,9.149,0.18369444444444444
9,9,4,9.149,0.18369444444444444
9,9,5,999,999
9,9,6,999,999
9,10,1,7.8088,0.15144444444444446
9,10,2,7.8088,0.15144444444444446
9,10,3,7.8088,0.15144444444444446
9,10,4,7.8088,0.15144444444444446
9,10,5,999,999
9,10,6,999,999
9,11,1,12.1631,0.24633333333333332
9,11,2,12.1631,0.24633333333333332
9,11,3,12.1631,0.24633333333333332
9,11,4,12.1631,0.24633333333333332
9,11,5,999,999
9,11,6,999,999
9,12,1,22.264,0.45613888888888887
9,12,2,22.264,0.45613888888888887
9,12,3,22.264,0.45613888888888887
9,12,4,22.264,0.45613888888888887
9,12,5,999,999
9,12,6,999,999
9,13,1,20.8105,0.4805
9,13,2,20.8105,0.4805
9,13,3,20.8105,0.4805
9,13,4,20.8105,0.4805
9,13,5,999,999
9,13,6,999,999
9,14,1,13.65,0.27902777777777776
9,14,2,13.65,0.27902777777777776
9,14,3,13.65,0.27902777777777776
9,14,4,13.65,0.27902777777777776
9,14,5,999,999
9,14,6,999,999
9,15,1,13.1676,0.26961111111111113
9,15,2,13.1676,0.26961111111111113
9,15,3,13.1676,0.26961111111111113
9,15,4,13.1676,0.26961111111111113
9,15,5,999,999
9,15,6,999,999
9,16,1,13.713299999999998,0.2873611111111111
9,16,2,13.713299999999998,0.2873611111111111
9,16,3,13.713299999999998,0.2873611111111111
9,16,4,13.713299999999998,0.2873611111111111
9,16,5,999,999
9,16,6,999,999
9,17,1,6.3793,0.13980555555555557
9,17,2,6.3793,0.13980555555555557
9,17,3,6.3793,0.13980555555555557
9,17,4,6.3793,0.13980555555555557
9,17,5,999,999
9,17,6,999,999
9,18,1,11.0959,0.2504722222222222
9,18,2,11.0959,0.2504722222222222
9,18,3,11.0959,0.2504722222222222
9,18,4,11.0959,0.2504722222222222
9,18,5,999,999
9,18,6,999,999
9,19,1,17.171799999999998,0.3391111111111111
9,19,2,17.171799999999998,0.3391111111111111
9,19,3,17.171799999999998,0.3391111111111111
9,19,4,17.171799999999998,0.3391111111111111
9,19,5,999,999
9,19,6,999,999
9,20,1,9.7313,0.185
9,20,2,9.7313,0.185
9,20,3,9.7313,0.185
9,20,4,9.7313,0.185
9,20,5,999,999
9,20,6,999,999
9,21,1,16.1064,0.3333611111111111
9,21,2,16.1064,0.3333611111111111
9,21,3,16.1064,0.3333611111111111
9,21,4,16.1064,0.3333611111111111
9,21,5,999,999
9,21,6,999,999
9,22,1,15.6298,0.3158611111111111
9,22,2,15.6298,0.3158611111111111
9,22,3,15.6298,0.3158611111111111
9,22,4,15.6298,0.3158611111111111
9,22,5,999,999
9,22,6,999,999
9,23,1,21.890400000000003,0.4646111111111111
9,23,2,21.890400000000003,0.4646111111111111
9,23,3,21.890400000000003,0.4646111111111111
9,23,4,21.890400000000003,0.4646111111111111
9,23,5,999,999
9,23,6,999,999
9,24,1,16.3197,0.3154166666666667
9,24,2,16.3197,0.3154166666666667
9,24,3,16.3197,0.3154166666666667
9,24,4,16.3197,0.3154166666666667
9,24,5,999,999
9,24,6,999,999
9,25,1,18.0119,0.4096111111111111
9,25,2,18.0119,0.4096111111111111
9,25,3,18.0119,0.4096111111111111
9,25,4,18.0119,0.4096111111111111
9,25,5,999,999
9,25,6,999,999
9,26,1,15.2999,0.29488888888888887
9,26,2,15.2999,0.29488888888888887
9,26,3,15.2999,0.29488888888888887
9,26,4,15.2999,0.29488888888888887
9,26,5,999,999
9,26,6,999,999
9,27,1,8.0121,0.21033333333333334
9,27,2,8.0121,0.21033333333333334
9,27,3,8.0121,0.21033333333333334
9,27,4,8.0121,0.21033333333333334
9,27,5,999,999
9,27,6,999,999
9,28,1,29.526400000000002,0.6620277777777779
9,28,2,29.526400000000002,0.6620277777777779
9,28,3,29.526400000000002,0.6620277777777779
9,28,4,29.526400000000002,0.6620277777777779
9,28,5,999,999
9,28,6,999,999
9,29,1,21.7065,0.4786944444444444
9,29,2,21.7065,0.4786944444444444
9,29,3,21.7065,0.4786944444444444
9,29,4,21.7065,0.4786944444444444
9,29,5,999,999
9,29,6,999,999
9,30,1,9.2865,0.21177777777777776
9,30,2,9.2865,0.21177777777777776
9,30,3,9.2865,0.21177777777777776
9,30,4,9.2865,0.21177777777777776
9,30,5,999,999
9,30,6,999,999
10,1,1,19.441,0.4613888888888889
10,1,2,19.441,0.4613888888888889
10,1,3,19.441,0.4613888888888889
10,1,4,19.441,0.4613888888888889
10,1,5,999,999
10,1,6,999,999
10,2,1,25.4238,0.5287222222222222
10,2,2,25.4238,0.5287222222222222
10,2,3,25.4238,0.5287222222222222
10,2,4,25.4238,0.5287222222222222
10,2,5,999,999
10,2,6,999,999
10,3,1,28.551599999999997,0.5586666666666666
10,3,2,28.551599999999997,0.5586666666666666
10,3,3,28.551599999999997,0.5586666666666666
10,3,4,28.551599999999997,0.5586666666666666
10,3,5,999,999
10,3,6,999,999
10,4,1,30.0553,0.6155833333333333
10,4,2,30.0553,0.6155833333333333
10,4,3,30.0553,0.6155833333333333
10,4,4,30.0553,0.6155833333333333
10,4,5,999,999
10,4,6,999,999
10,5,1,7.321,0.24516666666666667
10,5,2,7.321,0.24516666666666667
10,5,3,7.321,0.24516666666666667
10,5,4,7.321,0.24516666666666667
10,5,5,999,999
10,5,6,999,999
10,6,1,6.0668,0.1685
10,6,2,6.0668,0.1685
10,6,3,6.0668,0.1685
10,6,4,6.0668,0.1685
10,6,5,999,999
10,6,6,999,999
10,7,1,7.5523,0.20311111111111113
10,7,2,7.5523,0.20311111111111113
10,7,3,7.5523,0.20311111111111113
10,7,4,7.5523,0.20311111111111113
10,7,5,999,999
10,7,6,999,999
10,8,1,7.9862,0.24663888888888888
10,8,2,7.9862,0.24663888888888888
10,8,3,7.9862,0.24663888888888888
10,8,4,7.9862,0.24663888888888888
10,8,5,999,999
10,8,6,999,999
10,9,1,28.495099999999997,0.5757222222222222
10,9,2,28.495099999999997,0.5757222222222222
10,9,3,28.495099999999997,0.5757222222222222
10,9,4,28.495099999999997,0.5757222222222222
10,9,5,999,999
10,9,6,999,999
10,10,1,20.159599999999998,0.4973888888888889
10,10,2,20.159599999999998,0.4973888888888889
10,10,3,20.159599999999998,0.4973888888888889
10,10,4,20.159599999999998,0.4973888888888889
10,10,5,999,999
10,10,6,999,999
10,11,1,23.528,0.5224166666666666
10,11,2,23.528,0.5224166666666666
10,11,3,23.528,0.5224166666666666
10,11,4,23.528,0.5224166666666666
10,11,5,999,999
10,11,6,999,999
10,12,1,5.8135,0.16844444444444442
10,12,2,5.8135,0.16844444444444442
10,12,3,5.8135,0.16844444444444442
10,12,4,5.8135,0.16844444444444442
10,12,5,999,999
10,12,6,999,999
10,13,1,11.8478,0.28505555555555556
10,13,2,11.8478,0.28505555555555556
10,13,3,11.8478,0.28505555555555556
10,13,4,11.8478,0.28505555555555556
10,13,5,999,999
10,13,6,999,999
10,14,1,19.897299999999998,0.47333333333333333
10,14,2,19.897299999999998,0.47333333333333333
10,14,3,19.897299999999998,0.47333333333333333
10,14,4,19.897299999999998,0.47333333333333333
10,14,5,999,999
10,14,6,999,999
10,15,1,19.2417,0.46655555555555556
10,15,2,19.2417,0.46655555555555556
10,15,3,19.2417,0.46655555555555556
10,15,4,19.2417,0.46655555555555556
10,15,5,999,999
10,15,6,999,999
10,16,1,20.786,0.5115833333333334
10,16,2,20.786,0.5115833333333334
10,16,3,20.786,0.5115833333333334
10,16,4,20.786,0.5115833333333334
10,16,5,999,999
10,16,6,999,999
10,17,1,27.5016,0.5466388888888889
10,17,2,27.5016,0.5466388888888889
10,17,3,27.5016,0.5466388888888889
10,17,4,27.5016,0.5466388888888889
10,17,5,999,999
10,17,6,999,999
10,18,1,18.900599999999997,0.4503611111111111
10,18,2,18.900599999999997,0.4503611111111111
10,18,3,18.900599999999997,0.4503611111111111
10,18,4,18.900599999999997,0.4503611111111111
10,18,5,999,999
10,18,6,999,999
10,19,1,11.193,0.2966944444444444
10,19,2,11.193,0.2966944444444444
10,19,3,11.193,0.2966944444444444
10,19,4,11.193,0.2966944444444444
10,19,5,999,999
10,19,6,999,999
10,20,1,20.0158,0.43916666666666665
10,20,2,20.0158,0.43916666666666665
10,20,3,20.0158,0.43916666666666665
10,20,4,20.0158,0.43916666666666665
10,20,5,999,999
10,20,6,999,999
10,21,1,28.9481,0.6224444444444445
10,21,2,28.9481,0.6224444444444445
10,21,3,28.9481,0.6224444444444445
10,21,4,28.9481,0.6224444444444445
10,21,5,999,999
10,21,6,999,999
10,22,1,28.2908,0.6109722222222222
10,22,2,28.2908,0.6109722222222222
10,22,3,28.2908,0.6109722222222222
10,22,4,28.2908,0.6109722222222222
10,22,5,999,999
10,22,6,999,999
10,23,1,8.758799999999999,0.27438888888888885
10,23,2,8.758799999999999,0.27438888888888885
10,23,3,8.758799999999999,0.27438888888888885
10,23,4,8.758799999999999,0.27438888888888885
10,23,5,999,999
10,23,6,999,999
10,24,1,12.1005,0.3020833333333333
10,24,2,12.1005,0.3020833333333333
10,24,3,12.1005,0.3020833333333333
10,24,4,12.1005,0.3020833333333333
10,24,5,999,999
10,24,6,999,999
10,25,1,11.1969,0.3228888888888889
10,25,2,11.1969,0.3228888888888889
10,25,3,11.1969,0.3228888888888889
10,25,4,11.1969,0.3228888888888889
10,25,5,999,999
10,25,6,999,999
10,26,1,12.748899999999999,0.3335277777777778
10,26,2,12.748899999999999,0.3335277777777778
10,26,3,12.748899999999999,0.3335277777777778
10,26,4,12.748899999999999,0.3335277777777778
10,26,5,999,999
10,26,6,999,999
10,27,1,30.397599999999997,0.6238888888888889
10,27,2,30.397599999999997,0.6238888888888889
10,27,3,30.397599999999997,0.6238888888888889
10,27,4,30.397599999999997,0.6238888888888889
10,27,5,999,999
10,27,6,999,999
10,28,1,4.5442,0.1452222222222222
10,28,2,4.5442,0.1452222222222222
10,28,3,4.5442,0.1452222222222222
10,28,4,4.5442,0.1452222222222222
10,28,5,999,999
10,28,6,999,999
10,29,1,13.174299999999999,0.2964722222222222
10,29,2,13.174299999999999,0.2964722222222222
10,29,3,13.174299999999999,0.2964722222222222
10,29,4,13.174299999999999,0.2964722222222222
10,29,5,999,999
10,29,6,999,999
10,30,1,24.8042,0.5575277777777777
10,30,2,24.8042,0.5575277777777777
10,30,3,24.8042,0.5575277777777777
10,30,4,24.8042,0.5575277777777777
10,30,5,999,999
10,30,6,999,999
11,1,1,4.392600000000001,0.13808333333333334
11,1,2,4.392600000000001,0.13808333333333334
11,1,3,4.392600000000001,0.13808333333333334
11,1,4,4.392600000000001,0.13808333333333334
11,1,5,999,999
11,1,6,999,999
11,2,1,7.4894,0.15116666666666667
11,2,2,7.4894,0.15116666666666667
11,2,3,7.4894,0.15116666666666667
11,2,4,7.4894,0.15116666666666667
11,2,5,999,999
11,2,6,999,999
11,3,1,10.6172,0.1811111111111111
11,3,2,10.6172,0.1811111111111111
11,3,3,10.6172,0.1811111111111111
11,3,4,10.6172,0.1811111111111111
11,3,5,999,999
11,3,6,999,999
11,4,1,13.393600000000001,0.2742777777777778
11,4,2,13.393600000000001,0.2742777777777778
11,4,3,13.393600000000001,0.2742777777777778
11,4,4,13.393600000000001,0.2742777777777778
11,4,5,999,999
11,4,6,999,999
11,5,1,12.7352,0.30733333333333335
11,5,2,12.7352,0.30733333333333335
11,5,3,12.7352,0.30733333333333335
11,5,4,12.7352,0.30733333333333335
11,5,5,999,999
11,5,6,999,999
11,6,1,17.5999,0.39708333333333334
11,6,2,17.5999,0.39708333333333334
11,6,3,17.5999,0.39708333333333334
11,6,4,17.5999,0.39708333333333334
11,6,5,999,999
11,6,6,999,999
11,7,1,16.998,0.39458333333333334
11,7,2,16.998,0.39458333333333334
11,7,3,16.998,0.39458333333333334
11,7,4,16.998,0.39458333333333334
11,7,5,999,999
11,7,6,999,999
11,8,1,11.0165,0.3080277777777778
11,8,2,11.0165,0.3080277777777778
11,8,3,11.0165,0.3080277777777778
11,8,4,11.0165,0.3080277777777778
11,8,5,999,999
11,8,6,999,999
11,9,1,10.5607,0.19816666666666666
11,9,2,10.5607,0.19816666666666666
11,9,3,10.5607,0.19816666666666666
11,9,4,10.5607,0.19816666666666666
11,9,5,999,999
11,9,6,999,999
11,10,1,3.9146,0.15047222222222223
11,10,2,3.9146,0.15047222222222223
11,10,3,3.9146,0.15047222222222223
11,10,4,3.9146,0.15047222222222223
11,10,5,999,999
11,10,6,999,999
11,11,1,13.2938,0.24058333333333334
11,11,2,13.2938,0.24058333333333334
11,11,3,13.2938,0.24058333333333334
11,11,4,13.2938,0.24058333333333334
11,11,5,999,999
11,11,6,999,999
11,12,1,14.4733,0.32680555555555557
11,12,2,14.4733,0.32680555555555557
11,12,3,14.4733,0.32680555555555557
11,12,4,14.4733,0.32680555555555557
11,12,5,999,999
11,12,6,999,999
11,13,1,14.4338,0.34925
11,13,2,14.4338,0.34925
11,13,3,14.4338,0.34925
11,13,4,14.4338,0.34925
11,13,5,999,999
11,13,6,999,999
11,14,1,8.5118,0.2436388888888889
11,14,2,8.5118,0.2436388888888889
11,14,3,8.5118,0.2436388888888889
11,14,4,8.5118,0.2436388888888889
11,14,5,999,999
11,14,6,999,999
11,15,1,8.0295,0.23422222222222225
11,15,2,8.0295,0.23422222222222225
11,15,3,8.0295,0.23422222222222225
11,15,4,8.0295,0.23422222222222225
11,15,5,999,999
11,15,6,999,999
11,16,1,8.5751,0.2519722222222222
11,16,2,8.5751,0.2519722222222222
11,16,3,8.5751,0.2519722222222222
11,16,4,8.5751,0.2519722222222222
11,16,5,999,999
11,16,6,999,999
11,17,1,9.567200000000001,0.16908333333333334
11,17,2,9.567200000000001,0.16908333333333334
11,17,3,9.567200000000001,0.16908333333333334
11,17,4,9.567200000000001,0.16908333333333334
11,17,5,999,999
11,17,6,999,999
11,18,1,3.1935,0.11916666666666667
11,18,2,3.1935,0.11916666666666667
11,18,3,3.1935,0.11916666666666667
11,18,4,3.1935,0.11916666666666667
11,18,5,999,999
11,18,6,999,999
11,19,1,8.7992,0.20855555555555555
11,19,2,8.7992,0.20855555555555555
11,19,3,8.7992,0.20855555555555555
11,19,4,8.7992,0.20855555555555555
11,19,5,999,999
11,19,6,999,999
11,20,1,5.2068,0.13824999999999998
11,20,2,5.2068,0.13824999999999998
11,20,3,5.2068,0.13824999999999998
11,20,4,5.2068,0.13824999999999998
11,20,5,999,999
11,20,6,999,999
11,21,1,17.2372,0.32761111111111113
11,21,2,17.2372,0.32761111111111113
11,21,3,17.2372,0.32761111111111113
11,21,4,17.2372,0.32761111111111113
11,21,5,999,999
11,21,6,999,999
11,22,1,16.7606,0.3101111111111111
11,22,2,16.7606,0.3101111111111111
11,22,3,16.7606,0.3101111111111111
11,22,4,16.7606,0.3101111111111111
11,22,5,999,999
11,22,6,999,999
11,23,1,11.6415,0.32611111111111113
11,23,2,11.6415,0.32611111111111113
11,23,3,11.6415,0.32611111111111113
11,23,4,11.6415,0.32611111111111113
11,23,5,999,999
11,23,6,999,999
11,24,1,8.5586,0.18616666666666667
11,24,2,8.5586,0.18616666666666667
11,24,3,8.5586,0.18616666666666667
11,24,4,8.5586,0.18616666666666667
11,24,5,999,999
11,24,6,999,999
11,25,1,11.7923,0.2762222222222222
11,25,2,11.7923,0.2762222222222222
11,25,3,11.7923,0.2762222222222222
11,25,4,11.7923,0.2762222222222222
11,25,5,999,999
11,25,6,999,999
11,26,1,6.9273,0.16433333333333333
11,26,2,6.9273,0.16433333333333333
11,26,3,6.9273,0.16433333333333333
11,26,4,6.9273,0.16433333333333333
11,26,5,999,999
11,26,6,999,999
11,27,1,13.394200000000001,0.2776388888888889
11,27,2,13.394200000000001,0.2776388888888889
11,27,3,13.394200000000001,0.2776388888888889
11,27,4,13.394200000000001,0.2776388888888889
11,27,5,999,999
11,27,6,999,999
11,28,1,21.735799999999998,0.5326944444444445
11,28,2,21.735799999999998,0.5326944444444445
11,28,3,21.735799999999998,0.5326944444444445
11,28,4,21.735799999999998,0.5326944444444445
11,28,5,999,999
11,28,6,999,999
11,29,1,16.5042,0.36277777777777775
11,29,2,16.5042,0.36277777777777775
11,29,3,16.5042,0.36277777777777775
11,29,4,16.5042,0.36277777777777775
11,29,5,999,999
11,29,6,999,999
11,30,1,10.951799999999999,0.216
11,30,2,10.951799999999999,0.216
11,30,3,10.951799999999999,0.216
11,30,4,10.951799999999999,0.216
11,30,5,999,999
11,30,6,999,999
12,1,1,15.6189,0.3508888888888889
12,1,2,15.6189,0.3508888888888889
12,1,3,15.6189,0.3508888888888889
12,1,4,15.6189,0.3508888888888889
12,1,5,999,999
12,1,6,999,999
12,2,1,20.0409,0.3959444444444445
12,2,2,20.0409,0.3959444444444445
12,2,3,20.0409,0.3959444444444445
12,2,4,20.0409,0.3959444444444445
12,2,5,999,999
12,2,6,999,999
12,3,1,23.1687,0.42588888888888893
12,3,2,23.1687,0.42588888888888893
12,3,3,23.1687,0.42588888888888893
12,3,4,23.1687,0.42588888888888893
12,3,5,999,999
12,3,6,999,999
12,4,1,26.0809,0.5255833333333333
12,4,2,26.0809,0.5255833333333333
12,4,3,26.0809,0.5255833333333333
12,4,4,26.0809,0.5255833333333333
12,4,5,999,999
12,4,6,999,999
12,5,1,4.2509,0.15927777777777777
12,5,2,4.2509,0.15927777777777777
12,5,3,4.2509,0.15927777777777777
12,5,4,4.2509,0.15927777777777777
12,5,5,999,999
12,5,6,999,999
12,6,1,3.7045,0.11058333333333334
12,6,2,3.7045,0.11058333333333334
12,6,3,3.7045,0.11058333333333334
12,6,4,3.7045,0.11058333333333334
12,6,5,999,999
12,6,6,999,999
12,7,1,5.19,0.14519444444444446
12,7,2,5.19,0.14519444444444446
12,7,3,5.19,0.14519444444444446
12,7,4,5.19,0.14519444444444446
12,7,5,999,999
12,7,6,999,999
12,8,1,2.4452,0.08536111111111111
12,8,2,2.4452,0.08536111111111111
12,8,3,2.4452,0.08536111111111111
12,8,4,2.4452,0.08536111111111111
12,8,5,999,999
12,8,6,999,999
12,9,1,23.1122,0.4429444444444444
12,9,2,23.1122,0.4429444444444444
12,9,3,23.1122,0.4429444444444444
12,9,4,23.1122,0.4429444444444444
12,9,5,999,999
12,9,6,999,999
12,10,1,16.6466,0.38366666666666666
12,10,2,16.6466,0.38366666666666666
12,10,3,16.6466,0.38366666666666666
12,10,4,16.6466,0.38366666666666666
12,10,5,999,999
12,10,6,999,999
12,11,1,19.3355,0.4354166666666667
12,11,2,19.3355,0.4354166666666667
12,11,3,19.3355,0.4354166666666667
12,11,4,19.3355,0.4354166666666667
12,11,5,999,999
12,11,6,999,999
12,12,1,6.1189,0.16905555555555557
12,12,2,6.1189,0.16905555555555557
12,12,3,6.1189,0.16905555555555557
12,12,4,6.1189,0.16905555555555557
12,12,5,999,999
12,12,6,999,999
12,13,1,7.8808,0.16694444444444445
12,13,2,7.8808,0.16694444444444445
12,13,3,7.8808,0.16694444444444445
12,13,4,7.8808,0.16694444444444445
12,13,5,999,999
12,13,6,999,999
12,14,1,14.986600000000001,0.35358333333333336
12,14,2,14.986600000000001,0.35358333333333336
12,14,3,14.986600000000001,0.35358333333333336
12,14,4,14.986600000000001,0.35358333333333336
12,14,5,999,999
12,14,6,999,999
12,15,1,14.331,0.34680555555555553
12,15,2,14.331,0.34680555555555553
12,15,3,14.331,0.34680555555555553
12,15,4,14.331,0.34680555555555553
12,15,5,999,999
12,15,6,999,999
12,16,1,15.8753,0.3918333333333333
12,16,2,15.8753,0.3918333333333333
12,16,3,15.8753,0.3918333333333333
12,16,4,15.8753,0.3918333333333333
12,16,5,999,999
12,16,6,999,999
12,17,1,22.1187,0.4138611111111111
12,17,2,22.1187,0.4138611111111111
12,17,3,22.1187,0.4138611111111111
12,17,4,22.1187,0.4138611111111111
12,17,5,999,999
12,17,6,999,999
12,18,1,13.5505,0.3255
12,18,2,13.5505,0.3255
12,18,3,13.5505,0.3255
12,18,4,13.5505,0.3255
12,18,5,999,999
12,18,6,999,999
12,19,1,7.8895,0.226
12,19,2,7.8895,0.226
12,19,3,7.8895,0.226
12,19,4,7.8895,0.226
12,19,5,999,999
12,19,6,999,999
12,20,1,14.6328,0.3063888888888889
12,20,2,14.6328,0.3063888888888889
12,20,3,14.6328,0.3063888888888889
12,20,4,14.6328,0.3063888888888889
12,20,5,999,999
12,20,6,999,999
12,21,1,24.755599999999998,0.5354444444444444
12,21,2,24.755599999999998,0.5354444444444444
12,21,3,24.755599999999998,0.5354444444444444
12,21,4,24.755599999999998,0.5354444444444444
12,21,5,999,999
12,21,6,999,999
12,22,1,24.0983,0.5239722222222222
12,22,2,24.0983,0.5239722222222222
12,22,3,24.0983,0.5239722222222222
12,22,4,24.0983,0.5239722222222222
12,22,5,999,999
12,22,6,999,999
12,23,1,3.2178,0.1131111111111111
12,23,2,3.2178,0.1131111111111111
12,23,3,3.2178,0.1131111111111111
12,23,4,3.2178,0.1131111111111111
12,23,5,999,999
12,23,6,999,999
12,24,1,9.311200000000001,0.22902777777777777
12,24,2,9.311200000000001,0.22902777777777777
12,24,3,9.311200000000001,0.22902777777777777
12,24,4,9.311200000000001,0.22902777777777777
12,24,5,999,999
12,24,6,999,999
12,25,1,5.6559,0.1616111111111111
12,25,2,5.6559,0.1616111111111111
12,25,3,5.6559,0.1616111111111111
12,25,4,5.6559,0.1616111111111111
12,25,5,999,999
12,25,6,999,999
12,26,1,10.005,0.2554444444444445
12,26,2,10.005,0.2554444444444445
12,26,3,10.005,0.2554444444444445
12,26,4,10.005,0.2554444444444445
12,26,5,999,999
12,26,6,999,999
12,27,1,26.0815,0.5289444444444444
12,27,2,26.0815,0.5289444444444444
12,27,3,26.0815,0.5289444444444444
12,27,4,26.0815,0.5289444444444444
12,27,5,999,999
12,27,6,999,999
12,28,1,9.9305,0.3208888888888889
12,28,2,9.9305,0.3208888888888889
12,28,3,9.9305,0.3208888888888889
12,28,4,9.9305,0.3208888888888889
12,28,5,999,999
12,28,6,999,999
12,29,1,9.186399999999999,0.1703888888888889
12,29,2,9.186399999999999,0.1703888888888889
12,29,3,9.186399999999999,0.1703888888888889
12,29,4,9.186399999999999,0.1703888888888889
12,29,5,999,999
12,29,6,999,999
12,30,1,23.6391,0.46730555555555553
12,30,2,23.6391,0.46730555555555553
12,30,3,23.6391,0.46730555555555553
12,30,4,23.6391,0.46730555555555553
12,30,5,999,999
12,30,6,999,999
